name,solution size,time,graph_size
basePRM,8,1.6471147537231445,401
basePRM,31,3.194153308868408,401
basePRM,9,4.782997369766235,401
lazyPRM,1,0.01141047477722168,49
lazyPRM,3,0.0758514404296875,32
lazyPRM,3,0.19022870063781738,75
visibilityPRM,4,2.0120480060577393,12
visibilityPRM,2,3.3673648834228516,8
visibilityPRM,6,4.836014032363892,8
visibilityPRM_custom,1,0.12795400619506836,4
visibilityPRM_custom,1,0.3582139015197754,7
visibilityPRM_custom,3,0.5618538856506348,7
